,,,,,,,,,,,,,,,,,,,,,,,,,,,,,,,,,,,,,,,,,,,,,,,,,,,,,,,,,,,,,更新日：2023年4月28日,,,
食　品　群,食　品　番　号,索　引　番　号,可　　食　　部　　 100　　g　　当　　た　　り,,,,,,,,,,,,,,,,,,,,,,,,,,,,,,可　　食　　部　　 100　 g　　当　　た　　り,,,,,,,,,,,,,,,,,,,,,,,,,,,,備　　考,,,
,,,食　品　名,廃　棄　率,エネルギー,,水　分,たんぱく質,,脂質,,,炭水化物,,,,,,,,有機酸,"灰

分",無 機 質,,,,,,,,,,無機質,,,,ビ　　タ　　ミ　　ン　　,,,,,,,,,,,,,,,,,,,,,,アルコール,食塩相当量,,,,
,,,,,,,,"アミノ酸組成による
たんぱく質",たんぱく質,"脂肪酸の
トリアシルグリセロール当量",コレステロール,脂質,利用可能炭水化物,,,,,食物繊維総量,糖アルコール,炭水化物,,,ナ ト リ ウ ム,カ　リ　ウ　ム,カ ル シ ウ ム,マ グ ネ シ ウ ム,リ　ン,鉄,亜　鉛,銅,マ　ン　ガ　ン,,ヨ　ウ　素,セ　レ　ン,ク　ロ　ム,モリブデン,ビタミンA,,,,,,      ビタミンD,ビタミンE,,,,ビタミンK,"ビ
タ
ミ
ン
Ｂ１","ビ
タ
ミ
ン
B２",ナイアシン,ナイアシン当量,"ビ
タ
ミ
ン
Ｂ６","ビ
タ
ミ
ン
Ｂ１２",葉　酸,パントテン酸,ビ オ チ ン,ビタミンC,,,,,,
,,,,,,,,,,,,,"利用可能炭水化物
（単糖当量）",,"利用可能炭水化物
（質量計）","差引き法による
利用可能炭水化物　",,,,,,,,,,,,,,,,,,,,,,,,,,レチノール活性当量,,α|トコフェロール,β|トコフェロール,γ|トコフェロール,δ|トコフェロール,,,,,,,,,,,,,,,,,
,,,,,,,,,,,,,,,,,,,,,,,,,,,,,,,,,,,,,レチノール,,,,β|カロテン当量,,,,,,,,,,,,,,,,,,,,,,,
,,,,,,,,,,,,,,,,,,,,,,,,,,,,,,,,,,,,,,α|カロテン,β|カロテン,β|クリプトキサンチン,,,,,,,,,,,,,,,,,,,,,,,,
,,,,,,,,,,,,,,,,,,,,,,,,,,,,,,,,,,,,,,,,,,,,,,,,,,,,,,,,,,,,,,,,
,,,,,,,,,,,,,,,,,,,,,,,,,,,,,,,,,,,,,,,,,,,,,,,,,,,,,,,,,,,,,,,,
,,,,,,,,,,,,,,,,,,,,,,,,,,,,,,,,,,,,,,,,,,,,,,,,,,,,,,,,,,,,,,,,
,,,単位,%,kJ,kcal,(…………… g ………………),,,,mg,(……………………………… g ……………………………),,,,,,,,,,,(…………………………… mg ……………………………),,,,,,,,,,(…………………………………… μg………………………………………),,,,,,,,,,,(………… mg …………),,,,μg,(…………… mg ……………),,,,,(…… μg……),,mg,μg,mg,(……g……),,,,,
,,,成分識別子,REFUSE,ENERC,ENERC_KCAL,WATER,PROTCAA,PROT-,FATNLEA,CHOLE,FAT-,CHOAVLM,,CHOAVL,CHOAVLDF-,,FIB-,POLYL,CHOCDF-,OA,ASH,NA,K,CA,MG,P,FE,ZN,CU,MN,,ID,SE,CR,MO,RETOL,CARTA,CARTB,CRYPXB,CARTBEQ,VITA_RAE,VITD,TOCPHA,TOCPHB,TOCPHG,TOCPHD,VITK ,THIA,RIBF,NIA,NE,VITB6A,VITB12,FOL,PANTAC,BIOT,VITC,ALC,NACL_EQ,,,,
17,17001,2284,＜調味料類＞　（ウスターソース類）　ウスターソース,0,497,117,61.3,0.7,1.0,Tr,-,0.1,24.1,,23.8,27.0,*,0.5,0,27.1,1.5,9.0,3300,190,59,24,11,1.6,0.1,0.10,-,,3,1,9,4,(0),10,41,0,47,4,(0),0.2,0.1,0,0,1,0.01,0.02,0.3,0.3,0.03,Tr,1,0.15,6.5,0,-,8.5,(100 g： 83.7 mL、100 mL： 119.5 g),,,
17,17002,2285,＜調味料類＞　（ウスターソース類）　中濃ソース,0,546,129,60.9,0.5,0.8,Tr,-,0.1,26.9,,26.6,30.1,*,1.0,0,30.9,1.3,6.3,2300,210,61,23,16,1.7,0.1,0.18,0.23,,3,1,7,3,(0),5,85,0,87,7,(0),0.5,0.1,Tr,0,2,0.02,0.04,0.4,0.4,0.04,Tr,1,0.18,5.8,(0),-,5.8,(100 g： 86 mL、100 mL： 116 g),,,
17,17003,2286,＜調味料類＞　（ウスターソース類）　濃厚ソース,0,552,130,60.7,-,0.9,-,-,0.1,(27.1),,(26.7),29.8,*,1.0,0,30.9,1.3,6.2,2200,210,61,26,17,1.5,0.1,0.23,0.23,,-,-,-,-,(0),14,100,0,110,9,(0),0.5,0.1,0.1,0,2,0.03,0.04,0.6,0.8,0.06,Tr,1,0.21,-,(0),-,5.6,,,,
17,17085,2287,＜調味料類＞　（ウスターソース類）　お好み焼きソース,0,610,144,58.1,1.3,1.6,Tr,Tr,0.1,29.6,,29.1,33.5,*,0.9,0,33.7,0.8,5.5,1900,240,31,20,28,0.9,0.2,0.10,0.13,,2,2,5,6,-,3,200,0,200,17,0,0.8,Tr,Tr,0,1,0.03,0.03,0.8,0.8,0.06,0.1,6,0.19,4.5,3,0,4.9,(100 g： 86 mL、100 mL： 117g),,,
17,17004,2288,＜調味料類＞　（辛味調味料類）　トウバンジャン,0,205,49,69.7,-,2.0,1.8,3,2.3,-,,-,4.1,*,4.3,-,7.9,-,18.1,7000,200,32,42,49,2.3,0.3,0.13,0.28,,-,-,-,-,(0),21,1400,-,1400,120,(0),3.0,0.1,1.1,0.4,12,0.04,0.17,1.0,1.3,0.20,0,8,0.24,-,3,-,17.8,(100 g： 88 mL、100 mL： 113g),,,
17,17005,2289,＜調味料類＞　（辛味調味料類）　チリペッパーソース,0,246,58,84.1,(0.5),0.7,(0.4),-,0.5,-,,-,13.1,*,-,-,12.8,-,1.9,630,130,15,13,24,1.5,0.1,0.08,0.10,,-,-,-,-,(0),62,1400,250,1600,130,(0),-,-,-,-,-,0.03,0.08,0.3,(0.5),-,-,-,-,-,0,-,1.6,タバスコソース等を含む,,,
17,17006,2290,＜調味料類＞　（辛味調味料類）　ラー油,0,3648,887,0.1,-,0.1,(97.5),(0),99.8,-,,-,2.3,*,-,-,Tr,-,Tr,Tr,Tr,Tr,Tr,Tr,0.1,Tr,0.01,-,,-,-,-,-,(0),0,570,270,710,59,(0),3.7,0.1,48.0,1.2,5,0,0,0.1,0.1,-,-,-,-,-,(0),-,0,使用油配合割合： ごま油 8、 とうもろこし油 2,,,
17,17007,2291,＜調味料類＞　（しょうゆ類）　こいくちしょうゆ,0,323,76,67.1,6.1,7.7,-,(0),0,1.6,,1.6,8.6,*,(Tr),0.1,7.9,0.9,15.1,5700,390,29,65,160,1.7,0.9,0.01,1.00,,1,11,3,48,0,0,0,0,0,0,(0),0,0,0,0,0,0.05,0.17,1.3,1.6,0.17,0.1,33,0.48,12.0,0,2.1,14.5,(100 g： 84.7 mL、100 mL： 118.1 g),,,
17,17086,2292,＜調味料類＞　（しょうゆ類）　こいくちしょうゆ　減塩,0,289,68,74.4,(6.4),8.1,-,(0),Tr,(1.3),,(1.3),10.0,*,(0),0.1,9.0,0.7,8.5,3300,260,31,74,170,2.1,0.9,Tr,1.17,,1,10,3,84,0,-,-,-,-,-,(0),-,-,-,-,(0),0.07,0.17,1.5,(1.8),0.17,0,57,0.46,11.0,(0),-,8.3,(100 g： 89.3 mL、100 mL： 112.0 g),,,
17,17008,2293,＜調味料類＞　（しょうゆ類）　うすくちしょうゆ,0,252,60,69.7,4.9,5.7,-,(0),0,2.6,,2.6,6.1,*,(Tr),-,5.8,0.5,16.8,6300,320,24,50,130,1.1,0.6,0.01,0.66,,1,6,2,40,0,0,0,0,0,0,(0),0,0,0,0,0,0.05,0.11,1.0,1.2,0.13,0.1,31,0.37,8.4,0,2.0,16.0,(100 g： 84.7 mL、100 mL： 118.1 g),,,
17,17139,2294,＜調味料類＞　（しょうゆ類）　うすくちしょうゆ　低塩,0,323,77,70.9,5.5,6.4,-,(0),Tr,2.5,,2.5,7.8,*,Tr,-,7.6,0.8,12.1,5000,330,19,54,130,1.0,0.5,0,0.70,,Tr,4,4,26,(0),(0),(0),(0),0,0,-,0,0,0,0,0,0.25,0.08,0.8,1.1,0.11,Tr,36,0.34,6.0,4,2.9,12.8,"食物繊維：AOAC2011.25法
(100 g： 87.8 mL、100 mL： 113.9 g)",,,
17,17009,2295,＜調味料類＞　（しょうゆ類）　たまりしょうゆ,0,471,111,57.3,9.2,11.8,-,(0),0,-,,-,18.5,*,(0),-,15.9,-,15.0,5100,810,40,100,260,2.7,1.0,0.02,-,,-,-,-,-,0,-,-,-,0,0,(0),-,-,-,-,0,0.07,0.17,1.6,2.0,0.22,0.1,37,0.59,-,0,-,13.0,(100 g： 82.6 mL、100 mL： 121.1 g),,,
17,17010,2296,＜調味料類＞　（しょうゆ類）　さいしこみしょうゆ,0,430,101,60.7,(7.6),9.6,-,(0),0,(2.0),,(1.9),16.7,*,(0),0.1,15.9,1.1,13.8,4900,530,23,89,220,2.1,1.1,0.01,-,,-,-,-,-,0,-,-,-,0,0,(0),-,-,-,-,0,0.17,0.15,1.3,(1.7),0.18,0.2,29,0.57,-,0,-,12.4,(100 g： 82.6 mL、100 mL： 121.1 g),,,
17,17011,2297,＜調味料類＞　（しょうゆ類）　しろしょうゆ,0,365,86,63.0,(2.0),2.5,-,(0),0,(1.8),,(1.8),18.6,*,(0),0.1,19.2,1.0,15.3,5600,95,13,34,76,0.7,0.3,0.01,-,,-,-,-,-,0,-,-,-,0,0,(0),-,-,-,-,0,0.14,0.06,0.9,(1.0),0.08,0.2,14,0.28,-,0,-,14.2,(100 g： 82.6 mL、100 mL： 121.1 g),,,
17,17087,2298,＜調味料類＞　（しょうゆ類）　だししょうゆ,0,167,39,(83.2),(3.1),(4.0),-,0,0,(0.8),,(0.8),(4.5),*,(Tr),(0.1),(4.1),(0.4),(7.7),(2800),(230),(16),(35),(89),(0.9),(0.4),(Tr),(0.50),,(750),(8),(1),(24),0,0,0,0,0,0,0,0,0,0,0,0,(0.03),(0.09),(1.1),(1.2),(0.09),(0.2),(17),(0.26),(6.2),0,(1.0),(7.3),こいくちしょうゆ1、かつお昆布だし1,,,
17,17088,2299,＜調味料類＞　（しょうゆ類）　照りしょうゆ,0,727,172,(55.0),(1.9),(2.4),-,0,0,(20.5),,(20.4),(36.0),*,(Tr),(Tr),(35.7),(0.1),(4.2),(1600),(110),(10),(20),(51),(0.5),(0.2),(0.04),(0.31),,(Tr),(3),(1),(13),0,0,0,0,0,0,0,0,0,0,0,0,(0.01),(0.05),(0.4),(0.5),(0.06),(Tr),(9),(0.13),(3.4),0,(2.8),(4.0),本みりん126、こいくちしょうゆ45,,,
17,17012,2300,＜調味料類＞　（食塩類）　食塩,0,0,0,0.1,-,0,-,(0),0,-,,-,0,*,(0),-,0,-,99.9,39000,100,22,18,(0),Tr,Tr,0.01,Tr,,1,1,0,0,(0),-,-,-,(0),(0),(0),-,-,-,-,(0),(0),(0),(0),0,(0),(0),(0),(0),0,(0),-,99.5,"塩事業センター及び日本塩工業会の品質規格では塩化ナトリウム99 %以上
(100 g：83mL、100 mL：120g)",,,
17,17013,2301,＜調味料類＞　（食塩類）　並塩,0,0,0,1.8,-,0,-,(0),0,-,,-,0,*,(0),-,0,-,98.2,38000,160,55,73,(0),Tr,Tr,0.02,Tr,,-,-,-,-,(0),-,-,-,(0),(0),(0),-,-,-,-,(0),(0),(0),(0),0,(0),(0),(0),(0),-,(0),-,97.3,"別名： あら塩
塩事業センター及び日本塩工業会の品質規格では塩化ナトリウム95 %以上
(100 g：111mL、100 mL：90g)",,,
17,17146,2302,＜調味料類＞　（食塩類）　減塩タイプ食塩　調味料含む,0,217,50,Tr,-,(0),-,(0),(0),-,,-,0,*,0,-,(16.7),16.7,(83.2),19000,19000,2,240,(0),0.1,Tr,0,0.02,,-,-,0,-,(0),-,-,-,(0),(0),(0),-,-,-,-,(0),(0),(0),(0),0,(0),(0),(0),(0),-,(0),-,49.4,"別名：減塩塩
調味料（無機塩、有機酸）を含む",,,
17,17147,2303,＜調味料類＞　（食塩類）　減塩タイプ食塩　調味料不使用,0,0,0,2.0,-,(0),-,(0),(0),-,,-,0,*,0,-,0,-,(98.0),18000,25000,390,530,(0),0.1,Tr,0,0.02,,-,-,0,-,(0),-,-,-,(0),(0),(0),-,-,-,-,(0),(0),(0),(0),0,(0),(0),(0),(0),-,(0),-,45.7,"別名：減塩塩
塩化カリウムを含む",,,
17,17014,2304,＜調味料類＞　（食塩類）　精製塩　家庭用,0,0,0,Tr,-,0,-,(0),0,-,,-,0,*,(0),-,0,-,100,39000,2,0,87,(0),0,0,Tr,0,,-,-,-,-,(0),-,-,-,(0),(0),(0),-,-,-,-,(0),(0),(0),(0),0,(0),(0),(0),(0),-,(0),-,99.6,"塩事業センターの品質規格では塩化ナトリウム99.5 %以上
(100 g：83mL、100 mL：120g)",,,
17,17089,2305,＜調味料類＞　（食塩類）　精製塩　業務用,0,0,0,Tr,-,0,-,(0),0,-,,-,0,*,(0),-,0,-,100,39000,2,0,0,(0),0,0,Tr,0,,-,-,-,-,(0),-,-,-,(0),(0),(0),-,-,-,-,(0),(0),(0),(0),0,(0),(0),(0),(0),-,(0),-,99.6,"塩事業センターの品質規格では塩化ナトリウム99.5 %以上
(100 g：83mL、100 mL：120g)",,,
17,17090,2306,＜調味料類＞　（食酢類）　黒酢,0,230,54,85.7,-,1.0,-,(0),0,-,,-,9.0,*,(0),-,9.0,4.0,0.2,10,47,5,21,52,0.2,0.3,0.01,0.55,,0,0,2,9,(0),(0),(0),(0),(0),(0),(0),(0),(0),(0),(0),(0),0.02,0.01,0.6,0.8,0.06,0.1,1,0.07,1.0,(0),-,0,,,,
17,17015,2307,＜調味料類＞　（食酢類）　穀物酢,0,104,25,93.3,-,0.1,-,(0),0,-,,-,2.4,*,(0),-,2.4,4.2,Tr,6,4,2,1,2,Tr,0.1,Tr,-,,0,0,1,1,0,-,-,-,0,0,(0),-,-,-,-,(0),0.01,0.01,0.1,0.1,0.01,0.1,0,0,0.1,0,-,0,(100 g：100mL、100 mL：100g),,,
17,17016,2308,＜調味料類＞　（食酢類）　米酢,0,193,46,87.9,-,0.2,-,(0),0,-,,-,7.4,*,(0),-,7.4,4.4,0.1,12,16,2,6,15,0.1,0.2,Tr,-,,0,Tr,1,4,0,-,-,-,0,0,(0),-,-,-,-,(0),0.01,0.01,0.3,0.3,0.02,0.1,0,0.08,0.4,0,-,0,(100 g：100mL、100 mL：100g),,,
17,17091,2309,＜調味料類＞　（食酢類）　果実酢　バルサミコ酢,0,419,99,74.2,-,0.5,-,(0),0,(16.4),,(16.4),19.4,*,(0),-,19.4,5.6,0.4,29,140,17,11,22,0.7,0.1,0.01,0.13,,2,0,5,2,(0),(0),(0),(0),(0),(0),(0),(0),(0),(0),(0),(0),0.01,0.01,0.2,0.2,0.05,Tr,Tr,0.03,1.4,(0),-,0.1,(100 g：100mL、100 mL：100g),,,
17,17017,2310,＜調味料類＞　（食酢類）　果実酢　ぶどう酢,0,92,22,93.7,-,0.1,-,0,Tr,-,,-,1.2,*,0,-,1.2,4.8,0.2,4,22,3,2,8,0.2,Tr,0.01,0.03,,Tr,0,1,1,(0),Tr,Tr,-,Tr,(0),Tr,Tr,Tr,Tr,Tr,(Tr),Tr,Tr,Tr,Tr,Tr,0.1,Tr,0.08,0.1,Tr,-,0,別名： ワインビネガー、 ワイン酢,,,
17,17018,2311,＜調味料類＞　（食酢類）　果実酢　りんご酢,0,111,26,92.6,-,0.1,-,(0),0,(0.5),,(0.5),2.4,*,(0),-,2.4,4.7,0.2,18,59,4,4,6,0.2,0.1,Tr,-,,-,-,-,-,0,(0),0,(0),(0),(0),(Tr),-,-,-,-,Tr,0,0.01,0.1,0.1,0.01,0.3,0,0.06,-,0,-,0,別名： サイダービネガー,,,
17,17130,2312,＜調味料類＞　（だし類）　あごだし,0,2,0,99.8,Tr,0.1,-,0,0,-,,-,Tr,*,Tr,-,0,-,0.1,10,19,Tr,1,8,Tr,0,0,0,,1,Tr,0,0,0,0,0,0,0,0,0,0,0,0,0,0,0,0,0.2,0.2,Tr,0.1,Tr,0,0,0,-,0,"液状だし
2％のあごでとっただし",,,
17,17019,2313,＜調味料類＞　（だし類）　かつおだし　荒節,0,8,2,99.4,0.2,0.4,-,0,Tr,-,,-,0.2,*,0,-,0,-,0.1,21,29,2,3,18,Tr,Tr,Tr,0,,1,4,0,0,0,0,0,0,0,0,0,0,0,0,0,0,Tr,0.01,1.4,1.4,0.02,0.4,0,0.04,0.1,0,-,0.1,"液状だし
3％の荒節でとっただし",,,
17,17131,2314,＜調味料類＞　（だし類）　かつおだし　本枯れ節,0,9,2,99.4,0.2,0.5,-,0,0,-,,-,0.3,*,0,-,Tr,-,0.1,21,32,Tr,3,18,Tr,Tr,0.01,0,,1,3,0,0,0,0,0,0,0,0,0,0,0,0,0,0,0,0.01,1.4,1.4,0.01,0.2,0,Tr,0,0,-,0.1,"液状だし
3％の本枯れ節でとっただし",,,
17,17020,2315,＜調味料類＞　（だし類）　昆布だし　水出し,0,17,4,98.5,(0.1),0.1,-,-,Tr,-,,-,0.9,*,-,-,0.9,-,0.5,61,140,3,4,6,Tr,Tr,Tr,0.01,,5300,0,0,0,(0),0,0,0,0,(0),-,0,0,0,0,0,Tr,Tr,Tr,(0),0,0,2,0,0.1,Tr,-,0.2,"液状だし
3％の真昆布でとっただし",,,
17,17132,2316,＜調味料類＞　（だし類）　昆布だし　煮出し,0,23,5,98.1,0.2,0.1,-,0,0,-,,-,1.1,*,0.1,-,1.3,-,0.5,73,160,5,8,4,Tr,0,0.01,0,,11000,0,0,0,0,0,0,0,0,0,0,0,0,0,0,0,Tr,0.01,Tr,Tr,Tr,0,1,0.01,0.1,0,-,0.2,"液状だし
3％の真昆布でとっただし",,,
17,17021,2317,＜調味料類＞　（だし類）　かつお・昆布だし　荒節・昆布だし,0,10,2,99.2,(0.2),0.3,-,-,Tr,-,,-,0.4,*,-,-,0.3,-,0.2,34,63,3,4,13,Tr,Tr,Tr,Tr,,1500,4,0,0,(Tr),0,0,0,0,(Tr),-,0,0,0,0,0,0.01,0.01,0.9,(0.9),0.01,0.3,1,0.04,0.1,Tr,-,0.1,"液状だし
2％の荒節と1％の真昆布でとっただし",,,
17,17148,2318,＜調味料類＞　（だし類）　かつお・昆布だし　本枯れ節・昆布だし,0,10,2,99.2,0.1,0.3,-,-,0,-,,-,0.5,*,Tr,-,0.4,-,0.2,30,58,1,3,11,Tr,Tr,Tr,0,,2900,2,0,0,0,0,0,0,0,0,0,0,0,0,0,0,0,Tr,0.7,0.8,0.01,0.1,Tr,Tr,0,0,-,0.1,"液状だし
2％の本枯れ節と1％の真昆布でとっただし",,,
17,17022,2319,＜調味料類＞　（だし類）　しいたけだし,0,17,4,98.8,-,0.1,-,-,0,-,,-,0.9,*,-,-,0.9,-,0.2,3,29,1,3,8,0.1,Tr,0.01,-,,-,-,-,-,0,0,0,0,0,0,0,0,0,0,0,0,Tr,0.02,0.6,0.6,0.02,0,2,0.57,-,0,-,0,"液状だし
７％のしいたけでとっただし",,,
17,17023,2320,＜調味料類＞　（だし類）　煮干しだし,0,5,1,99.7,-,0.1,-,-,0.1,-,,-,0,*,(0),-,Tr,-,0.1,38,25,3,2,7,Tr,Tr,Tr,Tr,,-,-,-,-,-,0,0,0,0,-,-,0,0,0,0,0,0.01,Tr,0.3,0.3,Tr,0.2,1,0,-,0,-,0.1,"液状だし
3％の煮干しでとっただし",,,
17,17024,2321,＜調味料類＞　（だし類）　鶏がらだし,0,28,7,98.6,0.5,0.9,0.4,1,0.4,-,,-,0.3,*,(0),-,Tr,-,0.2,40,60,1,1,15,0.1,Tr,0.01,0,,Tr,1,0,1,1,0,0,0,0,1,0,Tr,0,Tr,0,2,0.01,0.04,1.1,1.1,0.02,0.1,2,0.31,0.5,0,-,0.1,"別名： 鶏ガラスープ
試料： 調理した液状だし
鶏がらからとっただし　",,,
17,17025,2322,＜調味料類＞　（だし類）　中華だし,0,14,3,99.0,(0.7),0.8,-,-,0,-,,-,0.1,*,-,-,Tr,-,0.2,20,90,3,5,40,Tr,Tr,Tr,0.01,,-,-,-,-,-,0,0,0,0,-,-,0,0,0,0,0,0.15,0.03,1.3,(1.3),0.05,0,1,0.26,-,0,-,0.1,"別名：湯（たん）
液状だし
鶏肉、豚もも肉、ねぎ、しょうがなどでとっただし　　　",,,
17,17026,2323,＜調味料類＞　（だし類）　洋風だし,0,27,6,97.8,(0.6),1.3,-,-,0,-,,-,1.0,*,-,-,0.3,-,0.6,180,110,5,6,37,0.1,0.1,0.01,0.01,,-,-,-,-,-,0,0,0,0,-,-,0,0,0,0,0,0.02,0.05,1.1,(1.1),0.06,0.2,3,0.25,-,0,-,0.5,"別名： スープストック、ブイヨン
液状だし
牛もも肉、にんじん、たまねぎ、セロリーなどでとっただし　",,,
17,17027,2324,＜調味料類＞　（だし類）　固形ブイヨン,0,987,233,0.8,(8.2),7.0,4.1,Tr,4.3,-,,-,40.8,*,0.3,-,42.1,-,45.8,17000,200,26,19,76,0.4,0.1,0.10,0.10,,1,2,2,2,0,0,0,0,0,0,Tr,0.7,Tr,0.3,0,2,0.03,0.08,1.1,(1.1),0.40,0.1,16,0.28,0.5,0,-,43.2,"別名： 固形コンソメ
顆粒状の製品を含む
固形だし",,,
17,17092,2325,＜調味料類＞　（だし類）　顆粒おでん用,0,705,166,(0.9),(9.9),(9.6),(0.1),(7),(0.1),(21.3),,(20.3),(31.2),*,(Tr),(Tr),(31.7),(0.3),(57.6),(22000),(210),(30),(33),(130),(0.8),(0.4),(0.05),(0.33),,(2),(26),(3),(15),0,0,0,0,0,0,(0.2),(Tr),0,0,0,0,(0.02),(0.11),(2.0),(2.5),(0.07),(0.4),(14),(0.20),(4.9),0,0,(56.4),顆粒だし,,,
17,17093,2326,＜調味料類＞　（だし類）　顆粒中華だし,0,892,210,1.2,10.6,12.6,1.5,7,1.6,-,,-,38.7,*,(0),-,36.6,-,48.1,19000,910,84,33,240,0.6,0.5,0.05,0.16,,31,8,8,6,2,2,7,0,8,3,0,0.9,0.1,5.0,1.4,-,0.06,0.56,8.0,8.5,0.29,0.3,170,1.48,5.1,0,-,47.5,"粉末製品を含む
顆粒だし",,,
17,17028,2327,＜調味料類＞　（だし類）　顆粒和風だし,0,949,223,1.6,(26.8),24.2,0.2,23,0.3,-,,-,28.6,*,0,-,31.1,-,42.8,16000,180,42,20,260,1.0,0.5,0.12,0.09,,5,74,8,1,0,0,0,0,0,0,0.8,0.1,0,0,0,0,0.03,0.20,5.5,(6.9),0.06,1.4,14,0.18,3.8,0,-,40.6,"別名： 顆粒風味調味料
粉末製品を含む
顆粒だし
(100 g：155mL、100 mL：64g)",,,
17,17140,2328,＜調味料類＞　（だし類）　なべつゆ　ストレート　しょうゆ味,0,87,20,(93.0),(0.8),(1.0),-,-,0,(3.2),,(3.1),(4.3),*,0,-,(4.1),-,(1.9),(700),(53),(4),(8),(23),(0.2),(0.1),(Tr),(0.12),,0,(2),(Tr),(6),0,0,0,0,0,0,0,0,0,0,0,0,(0.01),(0.02),(0.3),(0.5),(0.02),(Tr),(4),(0.06),(1.5),0,0,(1.8),液状だし,,,
17,17029,2329,＜調味料類＞　（だし類）　めんつゆ　ストレート,0,185,44,85.4,(2.0),2.2,-,-,0,-,,-,8.9,*,-,-,8.7,-,3.7,1300,100,8,15,48,0.4,0.2,0.01,-,,-,-,-,-,0,0,0,0,0,0,(0),-,-,-,-,0,0.01,0.04,1.2,(1.2),0.04,0.3,17,0.18,-,0,-,3.3,液状だし,,,
17,17141,2330,＜調味料類＞　（だし類）　めんつゆ　二倍濃縮,0,301,71,75.2,-,3.4,-,-,0,-,,-,14.4,*,-,-,14.4,-,7.2,2600,160,12,25,67,0.6,0.3,0.01,-,,-,-,-,-,0,0,0,0,0,0,(0),-,-,-,-,0,0.03,0.06,1.3,(1.9),0.06,0.3,13,0.19,-,0,-,6.6,液状だし,,,
17,17030,2331,＜調味料類＞　（だし類）　めんつゆ　三倍濃縮,0,417,98,64.9,(4.1),4.5,-,-,0,-,,-,20.4,*,-,-,20.0,-,10.6,3900,220,16,35,85,0.8,0.4,0.01,-,,-,-,-,-,0,0,0,0,0,0,(0),-,-,-,-,0,0.04,0.07,1.4,(1.4),0.07,0.2,9,0.19,-,0,-,9.9,"液状だし
(100 g：86mL、100 mL：116g)",,,
17,17142,2332,＜調味料類＞　（だし類）　ラーメンスープ　濃縮　しょうゆ味　ストレートしょうゆ味,0,652,157,(57.5),(2.7),(3.3),(11.4),(12),(11.7),(3.7),,(3.6),(10.9),*,(Tr),-,(9.9),-,(17.5),(6700),(200),(22),(31),(69),(0.6),(0.3),(0.03),(0.33),,(2),(4),(1),(14),0,0,(Tr),0,(Tr),0,(Tr),(0.1),0,(0.3),(0.1),(1),(0.03),(0.08),(0.9),(1.4),(0.10),(Tr),(20),(0.24),(3.7),0,0,(17.1),"ペーストタイプ
濃縮割合： 第3章参照",,,
17,17143,2333,＜調味料類＞　（だし類）　ラーメンスープ　濃縮　みそ味　ストレートみそ味,0,782,187,(48.4),(5.5),(6.4),(10.7),(9),(11.0),(5.4),,(5.1),(16.4),*,(1.6),-,(16.8),-,(17.4),(6500),(270),(61),(43),(100),(1.8),(0.6),(0.14),(0.09),,(2),(4),(1),(31),0,(Tr),(18),(7),(22),(2),(Tr),(0.3),(0.1),(2.2),(1.3),(5),(0.02),(0.08),(1.1),(2.2),(0.08),(Tr),(27),(0.20),(6.5),0,0,(16.5),"ペーストタイプ
濃縮割合： 第3章参照",,,
17,17094,2334,＜調味料類＞　（調味ソース類）　甘酢,0,494,116,(67.2),-,(0.1),-,0,0,(27.9),*,(26.6),(28.4),,0,-,(28.4),(3.1),(1.2),(470),(5),(2),(1),(1),0,(0.1),(Tr),0,,0,0,(1),(1),0,-,-,-,0,0,0,0,0,0,0,0,(0.01),(0.01),(0.1),(0.1),(0.01),(0.1),0,0,(0.1),0,-,(1.2),,,,
17,17095,2335,＜調味料類＞　（調味ソース類）　エビチリの素,0,227,54,(85.8),(0.8),(1.2),(1.3),-,(1.4),(7.8),,(7.5),(9.2),*,(0.6),-,(9.5),(0.1),(2.0),(680),(150),(8),(10),(45),(0.3),(0.1),(0.03),(0.22),,0,(1),(1),(2),-,(1),(150),0,(150),(13),0,(0.6),(Tr),(0.8),(0.2),(3),(0.14),(0.04),(1.3),(1.5),(0.10),0,(5),(0.28),(0.7),(1),0,(1.8),,,,
17,17031,2336,＜調味料類＞　（調味ソース類）　オイスターソース,0,448,105,61.6,(6.1),7.7,0.1,2,0.3,-,,-,19.9,*,0.2,-,18.3,-,12.1,4500,260,25,63,120,1.2,1.6,0.17,0.40,,-,-,-,-,-,Tr,Tr,(0),(Tr),-,-,0.1,Tr,Tr,Tr,1,0.01,0.07,0.8,(0.8),0.04,2.0,9,0.14,-,Tr,-,11.4,"別名： かき油
(100 g：81mL、100 mL：123g)",,,
17,17096,2337,＜調味料類＞　（調味ソース類）　黄身酢,0,917,219,(52.6),(5.6),(6.3),(11.2),(460),(13.1),(20.3),,(19.4),(22.6),*,0,-,(20.0),(1.6),(6.4),(2300),(47),(57),(6),(210),(1.8),(1.4),(0.05),(0.03),,(41),(18),(Tr),(5),(260),(1),(1),(16),(9),(270),(4.6),(1.7),(Tr),(0.6),(Tr),(15),(0.08),(0.18),(Tr),(1.5),(0.12),(1.4),(59),(1.38),(25.0),0,-,(5.7),,,,
17,17133,2338,＜調味料類＞　（調味ソース類）　魚醤油　いかなごしょうゆ,0,272,64,63.0,9.4,13.9,0,0,0,Tr,,Tr,5.8,*,Tr,0,2.1,0.9,20.8,8300,480,3,14,180,0.4,1.0,0.01,0,,150,43,1,Tr,0,0,0,0,0,0,0,0,0,0,0,0,0,0.31,4.6,6.1,0.09,1.0,51,0.65,17.0,0,-,21.2,(100 g： 82.0 mL、100 mL： 121.9 g),,,
17,17134,2339,＜調味料類＞　（調味ソース類）　魚醤油　いしる　（いしり）,0,285,67,61.2,8.4,12.8,0,0,0,0.1,,0.1,7.9,*,0.3,0,4.2,0.4,21.8,8600,260,25,53,180,1.5,4.5,1.45,0.05,,61,140,19,3,0,0,0,0,0,0,0,0,0,0,0,0,0,0.25,2.4,3.1,0.16,3.9,66,0.98,32.0,0,-,21.9,"別名： 原材料がいかの場合はいしり、いわし等の場合はいしる又はよしる等
(100 g： 81.4 mL、100 mL： 122.9 g)",,,
17,17135,2340,＜調味料類＞　（調味ソース類）　魚醤油　しょっつる,0,121,29,69.4,4.4,6.1,0,0,0,Tr,,Tr,2.4,*,0.1,0,1.1,0.4,23.3,9600,190,6,14,70,0.2,0.2,0.01,0,,29,11,11,1,0,0,0,0,0,0,0,0,0,0,0,0,0.03,0.06,1.0,1.2,0.03,1.9,5,0.31,3.0,0,-,24.3,(100 g： 83.1 mL、100 mL： 120.3 g),,,
17,17107,2341,＜調味料類＞　（調味ソース類）　魚醤油　ナンプラー,0,201,47,65.5,6.3,9.1,0,0,0.1,-,,-,5.5,*,(0),-,2.7,-,22.7,9000,230,20,90,57,1.2,0.7,0.03,0.03,,27,46,5,1,0,0,0,0,0,0,0,0,0,0,0,-,0.01,0.10,3.3,4.3,0.10,1.6,26,0.56,7.9,0,-,22.9,"別名： 魚醤
(100 g： 81.9 mL、100 mL： 122.1 g)",,,
17,17097,2342,＜調味料類＞　（調味ソース類）　ごま酢,0,889,212,(53.2),(3.6),(4.0),(7.6),-,(8.0),(25.1),,(24.0),(28.7),*,(1.9),(Tr),(29.9),(1.9),(2.6),(670),(110),(180),(61),(100),(1.7),(1.0),(0.26),(0.49),,0,(5),(1),(23),0,0,(1),0,(1),0,0,(Tr),(Tr),(3.5),(0.1),(2),(0.08),(0.06),(1.0),(1.9),(0.12),(0.1),(26),(0.13),(3.7),0,(0.5),(1.7),,,,
17,17098,2343,＜調味料類＞　（調味ソース類）　ごまだれ,0,1178,282,(40.7),(6.7),(7.2),(14.2),-,(15.1),(20.7),,(19.9),(27.4),*,(3.0),(Tr),(29.2),(1.1),(5.7),(1700),(210),(220),(100),(200),(2.3),(1.6),(0.42),(0.75),,(Tr),(10),(2),(46),0,0,(2),0,(2),(4),(Tr),(Tr),(Tr),(7.0),(0.1),(1),(0.11),(0.09),(2.0),(3.5),(0.19),(0.1),(38),(0.20),(6.1),0,(1.1),(4.3),,,,
17,17099,2344,＜調味料類＞　（調味ソース類）　三杯酢,0,361,85,(76.2),(0.6),(0.9),-,-,0,(12.9),,(12.3),(18.0),*,0,-,(17.8),(3.0),(2.1),(780),(56),(5),(11),(27),(0.2),(0.2),(Tr),(0.08),,(150),(1),(1),(8),0,0,0,0,0,0,0,0,0,0,0,0,(0.01),(0.02),(0.4),(0.6),(0.03),(0.1),(4),(0.10),(1.3),0,0,(2.0),材料割合：米酢100、上白糖18、うすくちしょうゆ18、かつお・昆布だし15,,,
17,17100,2345,＜調味料類＞　（調味ソース類）　二杯酢,0,251,59,(78.7),(2.7),(3.5),-,0,0,(0.7),,(0.7),(8.0),*,(Tr),(Tr),(7.6),(2.8),(6.8),(2500),(180),(14),(32),(81),(0.8),(0.5),(Tr),(0.44),,(1),(5),(2),(24),0,0,0,0,0,0,0,0,0,0,0,0,(0.03),(0.08),(0.7),(1.3),(0.09),(0.1),(15),(0.26),(5.7),0,(0.9),(6.4),材料割合：米酢10、こいくちしょうゆ8,,,
17,17101,2346,＜調味料類＞　（調味ソース類）　すし酢　ちらし・稲荷用,0,638,150,(55.5),-,(0.1),-,0,0,(31.6),,(30.1),(34.9),*,0,-,(34.9),(2.9),(6.6),(2500),(18),(3),(5),(10),(0.1),(0.1),(Tr),0,,0,0,(1),(3),0,-,-,-,0,0,0,0,0,0,0,0,(0.01),(0.01),(0.2),(0.2),(0.01),(0.1),0,(0.05),(0.3),0,-,(6.5),材料割合：米酢15 、上白糖7 、食塩1.5,,,
17,17102,2347,＜調味料類＞　（調味ソース類）　すし酢　にぎり用,0,299,70,(72.0),-,(0.2),-,0,0,(8.6),,(8.2),(14.3),*,0,-,(14.3),(3.6),(10.0),(3900),(23),(4),(7),(12),(0.1),(0.2),(Tr),0,,0,0,(1),(3),0,-,-,-,0,0,0,0,0,0,0,0,(0.01),(0.01),(0.2),(0.3),(0.02),(0.1),0,(0.07),(0.3),0,-,(9.8),材料割合：米酢10 、上白糖1、食塩1.2,,,
17,17103,2348,＜調味料類＞　（調味ソース類）　すし酢　巻き寿司・箱寿司用,0,454,107,(64.1),-,(0.1),-,0,0,(19.2),,(18.3),(23.8),*,0,-,(23.8),(3.2),(8.7),(3400),(21),(4),(6),(11),(0.1),(0.1),(Tr),0,,0,0,(1),(3),0,-,-,-,0,0,0,0,0,0,0,0,(0.01),(0.01),(0.2),(0.2),(0.01),(0.1),0,(0.06),(0.3),0,-,(8.6),材料割合：米酢12、上白糖3、食塩1.4,,,
17,17104,2349,＜調味料類＞　（調味ソース類）　中華風合わせ酢,0,643,153,(60.5),(2.3),(3.0),(3.3),0,(3.4),(20.5),,(19.6),(25.2),*,(Tr),(Tr),(24.8),(2.0),(5.8),(2200),(160),(12),(28),(69),(0.7),(0.4),(0.01),(0.47),,(Tr),(4),(1),(20),0,0,0,0,0,0,0,(Tr),0,(1.5),(Tr),0,(0.02),(0.07),(0.6),(1.1),(0.08),(0.1),(13),(0.22),(4.9),0,(0.8),(5.5),材料割合：こいくちしょうゆ45、米酢45、砂糖22.5、ごま油4、しょうが2,,,
17,17105,2350,＜調味料類＞　（調味ソース類）　デミグラスソース,0,347,82,81.5,-,2.9,-,-,3.0,-,,-,11.0,*,-,-,11.0,-,1.6,520,180,11,11,53,0.3,0.3,0.03,0.09,,2,1,7,3,-,-,-,-,-,-,-,-,-,-,-,-,0.04,0.07,1.7,2.1,0.05,0.2,25,0.18,1.8,-,-,1.3,別名： ドミグラスソース,,,
17,17106,2351,＜調味料類＞　（調味ソース類）　テンメンジャン,0,1049,249,37.5,-,8.5,-,0,7.7,-,,-,35.0,*,3.1,-,38.1,-,8.2,2900,350,45,61,140,1.6,1.0,0.27,0.54,,1,5,7,58,(0),0,3,Tr,3,0,(0),0.8,0.1,6.7,2.1,14,0.04,0.11,1.0,2.4,0.11,0,20,0.07,7.7,0,-,7.3,別名：中華甘みそ,,,
17,17108,2352,＜調味料類＞　（調味ソース類）　冷やし中華のたれ,0,484,114,67.1,1.9,2.1,1.1,0,1.2,19.5,,19.5,23.2,*,0,-,23.1,1.1,5.6,2300,89,7,13,29,0.3,0.2,Tr,0.18,,1,3,1,11,0,0,1,Tr,1,0,0,Tr,0,0.6,0,0,0.22,0.03,0.3,0.3,0.03,Tr,6,0.07,1.7,0,-,5.8,"別名： 冷やし中華用スープ
(100 g： 87.6 mL、100 mL： 114.1 g)",,,
17,17109,2353,＜調味料類＞　（調味ソース類）　ホワイトソース,0,411,99,81.7,(1.2),1.8,(6.2),6,6.2,(5.6),,(5.3),9.4,*,0.4,-,9.2,-,1.1,380,62,34,5,42,0.1,0.2,0.01,0.03,,5,1,1,2,-,-,-,-,-,-,-,0.6,Tr,0.9,0.2,2,0.01,0.05,0.2,(0.5),0.02,0,3,0.17,0.9,0,-,1.0,別名： ベシャメルソース,,,
17,17110,2354,＜調味料類＞　（調味ソース類）　ぽん酢しょうゆ,0,207,49,(82.1),(2.7),(3.4),-,0,(0.1),(0.7),,(0.7),(7.9),*,(0.2),-,(7.4),-,(6.3),(2300),(280),(24),(33),(72),(0.7),(0.4),(0.02),(0.46),,(1),(4),(1),(19),0,0,0,(9),(4),(1),0,(0.1),0,0,0,0,(0.05),(0.08),(0.6),(1.2),(0.08),(Tr),(20),(0.37),(4.9),(24),(0.8),(5.8),別名： ポン酢,,,
17,17137,2355,＜調味料類＞　（調味ソース類）　ぽん酢しょうゆ　市販品,0,250,59,77.0,3.2,3.7,-,0,0,7.0,,6.9,10.0,*,(0.3),-,10.8,1.8,7.6,3100,180,16,25,60,0.7,0.3,0.01,0.36,,*,3,2,18,0,0,Tr,1,1,0,0,Tr,0,0,0,0,0.02,0.05,0.7,0.7,0.06,Tr,17,0.17,3.1,Tr,-,7.8,"別名： ポン酢
*ヨウ素： 第3章参照
(100 g： 89.4 mL、100 mL： 111.8 g)",,,
17,17032,2356,＜調味料類＞　（調味ソース類）　マーボー豆腐の素,0,481,115,75.0,-,4.2,-,-,6.3,-,,-,10.4,*,-,-,10.4,-,4.1,1400,55,12,-,35,0.8,-,-,-,,-,-,-,-,4,-,-,-,63,9,-,-,-,-,-,-,0.05,0.03,1.0,1.7,-,-,-,-,-,2,-,3.6,試料： レトルトパウチのストレート製品,,,
17,17111,2357,＜調味料類＞　（調味ソース類）　マリネ液,0,278,66,(83.9),0,(0.1),0,0,0,(11.1),*,(10.5),(10.8),,0,0,(10.9),(1.4),(1.1),(370),(26),(4),(3),(6),(0.2),0,(0.01),(0.04),,0,0,0,(Tr),0,0,0,0,0,0,0,0,0,0,0,0,0,0,(Tr),(Tr),(0.01),(Tr),0,(0.04),(Tr),0,(2.7),(0.9),,,,
17,17033,2358,＜調味料類＞　（調味ソース類）　ミートソース,0,404,96,78.8,-,3.8,-,-,5.0,(9.6),*,(9.4),10.1,,-,-,10.1,-,2.3,610,250,17,-,47,0.8,-,-,-,,-,-,-,-,5,-,-,-,530,49,-,-,-,-,-,-,0.14,0.05,1.4,2.0,-,-,-,-,-,6,-,1.5,"試料： 缶詰及びレトルトパウチ製品
(100 g：94mL、100 mL：107g)",,,
17,17144,2359,＜調味料類＞　（調味ソース類）　焼きそば粉末ソース,0,1055,248,0.1,6.8,5.6,0.6,Tr,0.7,54.2,*,51.5,57.1,,3.3,-,62.4,2.0,30.1,12000,82,110,10,18,0.6,0.1,0.02,0.47,,4,2,7,3,0,3,34,15,43,4,0,0.4,Tr,0.3,0,7,0.01,0.01,0.3,0.3,0.03,0,4,0.08,0.8,0,-,30.6,食物繊維：AOAC2011.25法,,,
17,17112,2360,＜調味料類＞　（調味ソース類）　焼き鳥のたれ,0,558,131,(61.4),(2.6),(3.3),0,-,0,(19.1),,(18.5),(29.0),*,(Tr),(Tr),(28.5),(0.3),(6.1),(2300),(160),(13),(27),(71),(0.7),(0.4),(0.02),(0.46),,(1),(5),(1),(20),0,0,0,0,0,0,0,0,0,0,0,0,(0.02),(0.07),(0.5),(0.7),(0.10),(Tr),(13),(0.20),(5.0),0,(0.6),(5.8),,,,
17,17113,2361,＜調味料類＞　（調味ソース類）　焼き肉のたれ,0,696,164,(52.4),(3.6),(4.3),(2.1),(Tr),(2.2),(28.4),,(27.2),(32.1),*,(0.4),(Tr),(32.3),(0.5),(8.8),(3300),(230),(23),(35),(90),(0.9),(0.5),(0.03),(0.51),,(1),(7),(2),(24),0,0,(3),(2),(4),(Tr),(Tr),(Tr),0,(0.9),(Tr),0,(0.03),(0.09),(0.8),(1.0),(0.10),(0.1),(18),(0.25),(6.2),(1),0,(8.3),,,,
17,17114,2362,＜調味料類＞　（調味ソース類）　みたらしのたれ,0,540,127,(66.3),(0.8),(0.9),0,-,0,(29.8),,(28.2),(30.9),*,0,(Tr),(30.8),(0.1),(1.9),(650),(120),(6),(10),(24),(0.2),(0.1),(0.01),(0.13),,(2700),(1),(1),(5),0,0,0,0,0,0,0,0,0,0,0,0,(0.01),(0.02),(0.1),(0.2),(0.03),0,(5),(0.05),(1.4),0,0,(1.7),,,,
17,17115,2363,＜調味料類＞　（調味ソース類）　ゆずこしょう,0,153,37,64.5,-,1.3,-,(0),0.8,-,,-,3.1,*,6.2,-,9.3,-,24.1,9900,280,61,44,24,0.6,0.1,0.06,0.10,,24,2,5,4,(0),36,230,47,270,22,(0),2.0,0,0.4,0,(0),0.04,0.05,0.9,1.1,0.17,-,13,0.22,3.6,2,-,25.2,,,,
17,17034,2364,＜調味料類＞　（トマト加工品類）　トマトピューレー,0,187,44,86.9,(1.4),1.9,(0.1),(0),0.1,(5.2),,(5.2),8.7,*,1.8,-,9.9,-,1.2,19,490,19,27,37,0.8,0.3,0.19,0.19,,0,1,2,9,0,0,630,0,630,52,(0),2.7,0.1,0.3,0,10,0.09,0.07,1.5,(1.7),0.20,-,29,0.47,8.9,10,-,0,"別名： トマトピューレ
食塩無添加品
(100 g：95mL、100 mL：105g)",,,
17,17035,2365,＜調味料類＞　（トマト加工品類）　トマトペースト,0,399,94,71.3,(3.2),3.8,(0.1),(0),0.1,(13.5),,(13.4),17.9,*,4.7,-,22.0,-,2.8,55,1100,46,64,93,1.6,0.6,0.31,0.38,,-,-,-,-,0,0,1000,0,1000,85,(0),6.2,0.2,0.6,0,18,0.21,0.14,3.7,(4.2),0.38,-,42,0.95,-,15,-,0.1,食塩無添加品,,,
17,17036,2366,＜調味料類＞　（トマト加工品類）　トマトケチャップ,0,441,104,66.0,1.2,1.6,0.1,0,0.2,(24.3),*,(24.0),25.9,,1.7,-,27.6,1.2,3.9,1200,380,16,18,35,0.5,0.2,0.09,0.11,,1,4,4,9,0,1,510,0,510,43,0,2.0,Tr,0.1,0,0,0.06,0.04,1.5,1.7,0.11,Tr,13,0.30,5.2,8,-,3.1,(100 g：87mL、100 mL：115g),,,
17,17037,2367,＜調味料類＞　（トマト加工品類）　トマトソース,0,174,41,87.1,(1.9),2.0,(0.1),(0),0.2,(5.3),,(5.3),7.6,*,1.1,-,8.5,-,2.2,240,340,18,20,42,0.9,0.2,0.16,-,,-,-,-,-,(0),0,480,0,480,40,(0),2.1,0.1,1.0,0.3,8,0.09,0.08,1.3,(1.6),0.12,Tr,3,0.24,-,(Tr),-,0.6,(100 g：103mL、100 mL：97g),,,
17,17038,2368,＜調味料類＞　（トマト加工品類）　チリソース,0,474,112,67.3,(1.7),1.8,(0.1),(0),0.1,-,,-,25.2,*,1.9,-,26.3,-,3.9,1200,500,27,23,32,0.9,0.2,0.15,0.15,,-,-,-,-,(0),0,500,5,500,42,(0),2.1,0.3,0.2,0,5,0.07,0.07,1.5,(1.8),0.15,0,5,0.32,-,(Tr),-,3.0,,,,
17,17042,2369,＜調味料類＞　（ドレッシング類）　半固形状ドレッシング　マヨネーズ　全卵型,0,2747,668,16.6,1.3,1.4,72.5,55,76.0,(2.1),*,(2.1),7.2,,(0),-,3.6,0.5,1.9,730,13,8,2,29,0.3,0.2,0.01,0.01,,3,3,1,1,24,0,0,3,1,24,0.3,13.0,0.2,33.0,2.3,120,0.01,0.03,Tr,0.2,0.02,0.1,1,0.16,3.1,0,-,1.9,"使用油： なたね油 、 とうもろこし油、大豆油
(100 g：105mL、100 mL：95g)",,,
17,17043,2370,＜調味料類＞　（ドレッシング類）　半固形状ドレッシング　マヨネーズ　卵黄型,0,2746,668,19.7,2.2,2.5,72.8,140,74.7,(0.5),*,(0.5),2.8,,(0),-,0.6,0.5,2.0,770,21,20,3,72,0.6,0.5,0.02,0.02,,9,8,1,2,53,0,1,6,3,54,0.6,11.0,0.7,41.0,10.0,140,0.03,0.07,Tr,0.5,0.05,0.4,3,0.43,7.2,0,-,2.0,"使用油： なたね油 、大豆油、 とうもろこし油
(100 g：105mL、100 mL：95g)",,,
17,17118,2371,＜調味料類＞　（ドレッシング類）　半固形状ドレッシング　マヨネーズタイプ調味料　低カロリータイプ,0,1081,262,60.9,2.6,2.9,26.4,58,28.3,2.7,*,2.6,4.7,,0.8,0,3.3,0.7,3.9,1500,36,10,3,35,0.3,0.2,0.01,0.01,,4,5,Tr,2,20,130,250,4,310,46,0.3,4.8,0.1,12.0,1.6,53,0.02,0.05,Tr,0.4,0.02,0.1,3,0.19,3.1,0,-,3.9,"別名：低カロリーマヨネーズ
使用油： なたね油、大豆油、とうもろこし油
カロテン： 色素として添加品あり",,,
17,17040,2372,＜調味料類＞　（ドレッシング類）　分離液状ドレッシング　フレンチドレッシング　分離液状,0,1344,325,(47.8),0,(Tr),(30.6),(1),(31.5),(11.4),*,(11.3),(13.4),,0,0,(12.4),(1.9),(6.3),(2500),(2),(1),(Tr),(1),(Tr),(Tr),0,0,,0,0,(Tr),(Tr),0,0,0,0,0,0,0,(4.0),(0.4),(18.0),(3.4),(54),(Tr),(Tr),(Tr),(0.1),(Tr),(Tr),0,0,(Tr),0,-,(6.3),,,,
17,17116,2373,＜調味料類＞　（ドレッシング類）　分離液状ドレッシング　和風ドレッシング　分離液状,0,743,179,(69.4),(1.6),(1.9),(14.0),(1),(14.5),(6.6),,(6.5),(9.7),*,(0.2),(Tr),(9.3),(0.7),(3.6),(1400),(75),(7),(16),(43),(0.4),(0.2),(0.03),(0.19),,0,(3),(1),(10),0,0,(4),0,(4),(Tr),-,(1.5),(0.1),(7.9),(1.3),-,(0.03),(0.03),(0.4),(0.5),(0.04),(Tr),(7),(0.09),(2.2),0,(0.7),(3.5),オイル入り,,,
17,17039,2374,＜調味料類＞　（ドレッシング類）　分離液状ドレッシング　和風ドレッシングタイプ調味料　ノンオイルタイプ,0,350,83,71.8,-,3.1,-,-,0.1,-,,-,17.2,*,0.2,-,16.1,-,7.6,2900,130,10,34,54,0.3,0.2,0.01,-,,-,-,-,-,(0),0,3,0,3,Tr,(0),0,0,0,0,1,0.02,0.03,0.3,0.8,0.04,0,6,0.11,-,(Tr),-,7.4,別名： 和風ノンオイルドレッシング,,,
17,17117,2375,＜調味料類＞　（ドレッシング類）　乳化液状ドレッシング　ごまドレッシング,0,1650,399,(38.1),(2.3),(2.7),(37.1),(7),(38.3),(13.1),*,(12.5),(15.5),,(0.8),(Tr),(15.0),(0.8),(4.9),(1800),(91),(86),(34),(66),(1.0),(0.6),(0.12),(0.32),,(1),(4),(1),(15),(4),0,(Tr),0,(1),(4),(0.1),(4.4),(0.4),(21.0),(3.8),(60),(0.04),(0.05),(0.6),(1.0),(0.07),(Tr),(16),(0.14),(3.3),0,(0.3),(4.4),クリームタイプ,,,
17,17041,2376,＜調味料類＞　（ドレッシング類）　乳化液状ドレッシング　サウザンアイランドドレッシング,0,1619,392,(44.1),(0.2),(0.3),(38.1),(9),(39.2),(12.1),*,(11.9),(13.4),,(0.4),0,(12.8),(0.6),(3.1),(1200),(32),(7),(3),(9),(0.1),(0.1),(0.02),(0.01),,(1),(1),(Tr),(1),(4),0,(42),(1),(43),(8),(0.1),(5.2),(0.5),(22.0),(4.2),(72),(Tr),(0.01),(0.1),(0.2),(0.02),(Tr),(3),(0.05),(0.8),(2),-,(3.0),,,,
17,17149,2377,＜調味料類＞　（ドレッシング類）　乳化液状ドレッシング　フレンチドレッシング　乳化液状,0,1552,376,(44.1),(0.1),(0.1),(37.7),(7),(38.8),(8.5),*,(8.5),(10.3),,0,0,(9.3),(1.3),(6.5),(2500),(3),(1),(Tr),(3),(Tr),(Tr),(Tr),0,,(1),0,0,(Tr),(3),0,0,(Tr),0,(3),(0.1),(5.0),(0.5),(22.0),(4.2),(66),(Tr),(0.01),(Tr),(0.1),(0.01),(Tr),(1),(0.02),(0.3),(1),-,(6.4),,,,
17,17044,2378,＜調味料類＞　（みそ類）　米みそ　甘みそ,0,869,206,42.6,8.7,9.7,3.0,(0),3.0,-,,-,33.3,*,5.6,-,37.9,-,6.8,2400,340,80,32,130,3.4,0.9,0.22,-,,Tr,2,2,33,(0),-,-,-,(0),(0),(0),0.3,0.1,3.0,1.6,8,0.05,0.10,1.5,3.5,0.04,0.1,21,Tr,5.4,(0),-,6.1,"別名： 西京みそ、関西白みそ等
(100 g：87mL、100 mL：115g)",,,
17,17045,2379,＜調味料類＞　（みそ類）　米みそ　淡色辛みそ,0,762,182,45.4,11.1,12.5,5.9,(0),6.0,11.9,,11.8,18.5,*,4.9,-,21.9,-,14.2,4900,380,100,75,170,4.0,1.1,0.39,-,,1,9,2,57,(0),-,-,-,(0),(0),(0),0.6,0.2,5.7,3.1,11,0.03,0.10,1.5,3.9,0.11,0.1,68,Tr,12.0,(0),-,12.4,"別名： 信州みそ等
(100 g：87mL、100 mL：115g)",,,
17,17046,2380,＜調味料類＞　（みそ類）　米みそ　赤色辛みそ,0,746,178,45.7,11.3,13.1,5.4,(0),5.5,-,,-,18.9,*,4.1,-,21.1,-,14.6,5100,440,130,80,200,4.3,1.2,0.35,-,,1,8,1,72,(0),-,-,-,(0),(0),(0),0.5,0.2,5.2,3.2,11,0.03,0.10,1.5,3.5,0.12,Tr,42,0.23,14.0,(0),-,13.0,(100 g：87mL、100 mL：115g),,,
17,17120,2381,＜調味料類＞　（みそ類）　米みそ　だし入りみそ,0,700,167,49.9,(10.0),11.0,(5.2),2,5.6,(9.8),,(9.7),17.8,*,4.1,0,20.6,0.1,12.9,4700,420,67,61,160,1.4,1.0,0.26,0.65,,26,8,2,51,0,0,3,Tr,3,0,0.1,0.7,0.1,5.2,1.9,11,0.10,0.35,0.9,(2.8),0.13,0.1,37,0.24,9.9,0,-,11.9,(100 g：87mL、100 mL：115g),,,
17,17145,2382,＜調味料類＞　（みそ類）　米みそ　だし入りみそ　減塩,0,689,164,52.5,9.4,10.3,4.7,1,5.1,10.5,,10.3,18.2,*,4.9,-,22.2,0.4,9.8,3800,410,63,55,150,1.4,1.0,0.32,0.64,,29,8,2,60,0,0,2,0,3,0,0,0.6,0.1,4.8,1.7,14,0.10,0.09,0.9,2.6,0.13,0.1,40,0.27,8.9,0,-,9.7,"食物繊維：AOAC2011.25法
(100 g：87mL、100 mL：115g)",,,
17,17047,2383,＜調味料類＞　（みそ類）　麦みそ,0,775,184,44.0,8.1,9.7,4.2,(0),4.3,-,,-,25.5,*,6.3,-,30.0,-,12.0,4200,340,80,55,120,3.0,0.9,0.31,-,,16,2,2,15,(0),-,-,-,(0),(0),(0),0.4,0.1,3.5,2.0,9,0.04,0.10,1.5,2.9,0.10,Tr,35,0.26,8.4,(0),-,10.7,"別名： 田舎みそ
(100 g：87mL、100 mL：115g)",,,
17,17048,2384,＜調味料類＞　（みそ類）　豆みそ,0,864,207,44.9,14.8,17.2,10.2,(0),10.5,-,,-,10.7,*,6.5,-,14.5,-,12.9,4300,930,150,130,250,6.8,2.0,0.66,-,,31,19,9,64,(0),-,-,-,(0),(0),(0),1.1,0.3,11.0,5.0,19,0.04,0.12,1.2,3.4,0.13,Tr,54,0.36,17.0,(0),-,10.9,"別名： 東海豆みそ、名古屋みそ、八丁みそ
(100 g：87mL、100 mL：115g)",,,
17,17119,2385,＜調味料類＞　（みそ類）　減塩みそ,0,800,190,46.0,9.1,11.0,(5.8),(0),5.9,12.9,,12.5,23.2,*,4.3,0,25.7,0.2,11.4,4200,480,62,71,170,1.7,1.4,0.29,0.73,,1,5,5,150,0,0,3,1,3,0,0,0.6,0.1,5.3,2.3,-,0.10,0.11,1.1,2.7,0.16,0.1,75,0.27,11.0,0,-,10.7,(100 g：87mL、100 mL：115g),,,
17,17049,2386,＜調味料類＞　（みそ類）　即席みそ　粉末タイプ,0,1350,321,2.4,(19.4),21.9,7.4,(0),9.3,(21.3),,(21.0),40.7,*,6.6,-,43.0,-,23.5,8100,600,85,140,300,2.8,1.8,0.44,1.19,,-,-,-,-,(0),0,6,0,6,Tr,(0),0.7,0.2,7.1,3.8,15,0.11,2.58,0.8,(4.9),0.12,-,65,0.75,-,(0),-,20.6,別名： インスタントみそ汁,,,
17,17050,2387,＜調味料類＞　（みそ類）　即席みそ　ペーストタイプ,0,513,122,61.5,(7.9),8.9,3.1,(0),3.7,(8.4),,(8.3),14.3,*,2.8,-,15.4,-,10.4,3800,310,47,54,130,1.2,0.9,0.25,0.47,,-,-,-,-,(0),0,1,0,1,0,(0),0.5,0.1,3.9,0.7,6,0.04,0.27,0.4,(2.1),0.07,-,29,0.42,-,(0),-,9.6,別名： インスタントみそ汁,,,
17,17121,2388,＜調味料類＞　（みそ類）　辛子酢みそ,0,912,216,(43.6),(4.2),(5.0),(2.1),0,(2.1),(25.1),,(23.9),(42.7),*,(2.7),-,(44.6),(1.0),(3.6),(1300),(170),(42),(20),(69),(1.7),(0.5),(0.12),(0.02),,0,(1),(1),(16),0,-,-,-,(1),0,0,(0.1),(Tr),(1.4),(0.8),(4),(0.04),(0.05),(0.8),(1.8),(0.02),(0.1),(10),0,(2.6),0,0,(3.3),,,,
17,17122,2389,＜調味料類＞　（みそ類）　ごまみそ,0,1026,245,(42.7),(8.6),(9.4),(9.5),0,(9.9),(5.4),,(5.2),(28.5),*,(5.5),-,(32.9),0,(5.2),(1600),(280),(230),(74),(170),(3.7),(1.5),(0.39),(0.40),,0,(5),(2),(38),0,0,(1),0,(1),0,0,(0.2),(0.1),(5.4),(1.1),(7),(0.10),(0.10),(1.8),(3.9),(0.14),(0.1),(36),(0.08),(5.7),0,0,(4.0),,,,
17,17123,2390,＜調味料類＞　（みそ類）　酢みそ,0,892,211,(44.2),(4.4),(4.9),(1.5),0,(1.5),(26.3),,(25.1),(42.5),*,(2.8),-,(44.8),(1.1),(3.4),(1200),(170),(41),(16),(66),(1.7),(0.5),(0.11),0,,0,(1),(1),(17),0,-,-,-,0,0,0,(0.2),(0.1),(1.5),(0.8),(4),(0.03),(0.05),(0.8),(1.8),(0.02),(0.1),(11),0,(2.8),0,-,(3.1),,,,
17,17124,2391,＜調味料類＞　（みそ類）　練りみそ,0,1131,267,(29.9),(4.8),(5.5),(1.7),0,(1.7),(38.8),,(36.9),(56.6),*,(3.2),-,(59.1),0,(3.8),(1400),(190),(46),(18),(74),(1.9),(0.5),(0.13),(0.02),,0,(1),(1),(19),0,0,0,0,0,0,0,(0.2),(0.1),(1.7),(0.9),(5),(0.03),(0.06),(0.8),(2.0),(0.03),(0.1),(12),(Tr),(3.1),0,0,(3.4),,,,
17,17051,2392,＜調味料類＞　（ルウ類）　カレールウ,0,1974,474,3.0,5.7,6.5,32.8,20,34.1,38.1,*,35.1,40.0,,6.4,-,44.7,0.4,11.7,4200,320,90,31,110,3.5,0.5,0.13,0.58,,0,10,7,14,(0),0,60,19,69,6,(0),2.0,0.2,3.2,1.1,0,0.09,0.06,0.1,1.0,0.07,Tr,9,0.38,4.1,0,-,10.6,食物繊維：AOAC2011.25法,,,
17,17052,2393,＜調味料類＞　（ルウ類）　ハヤシルウ,0,2086,501,2.2,-,5.8,31.9,20,33.2,-,,-,46.3,*,2.5,-,47.5,-,11.3,4200,150,30,21,55,1.0,0.3,0.12,0.32,,-,-,-,-,(0),0,990,310,1100,95,(0),2.5,0.1,1.6,1.1,0,0.14,0.06,1.0,2.0,0.08,0,9,0.29,-,0,-,10.7,,,,
17,17125,2394,＜調味料類＞　（その他）　お茶漬けの素　さけ,0,1060,251,(2.9),(18.0),(20.2),(2.7),(64),(3.7),(29.7),,(27.9),(36.9),*,(3.5),-,(37.1),0,(35.6),(13000),(560),(72),(55),(230),(2.1),(0.9),(0.14),(0.27),,(3700),(27),(2),(12),(10),(190),(1200),(47),(2100),(180),(8.3),(1.5),(0.1),(0.1),0,(100),(0.16),(0.29),(5.7),(9.3),(0.25),(5.4),(140),(0.93),(4.7),(12),0,(33.8),,,,
17,17136,2395,＜調味料類＞　（その他）　キムチの素,0,529,125,58.2,5.3,5.3,0.8,3,1.0,13.0,,12.6,21.6,*,3.6,0.1,26.0,1.1,9.4,3600,350,29,31,52,1.3,0.3,0.12,0.16,,1900,11,18,6,17,100,1500,940,2100,190,0,2.9,0.1,0.4,Tr,8,0.04,0.11,1.6,1.9,0.31,0.2,8,0.20,3.7,0,-,9.3,,,,
17,17053,2396,＜調味料類＞　（その他）　酒かす,0,904,215,51.1,(14.2),14.9,-,(0),1.5,-,,-,19.3,*,5.2,-,23.8,-,0.5,5,28,8,9,8,0.8,2.3,0.39,-,,-,-,-,-,(0),-,-,-,(0),(0),(0),0,0,0,0,0,0.03,0.26,2.0,(5.3),0.94,0,170,0.48,-,(0),8.2,0,,,,
17,17126,2397,＜調味料類＞　（その他）　即席すまし汁,0,823,194,(2.8),(17.0),(18.3),(0.5),(16),(0.8),(10.9),,(10.4),(28.4),*,(3.3),(Tr),(30.5),(0.3),(47.6),(18000),(490),(76),(61),(220),(2.3),(1.0),(0.13),(0.60),,(140),(39),(3),(29),0,(260),(2200),(65),(2300),(200),(0.5),(0.8),(0.1),(0.3),(0.2),(57),(0.13),(0.31),(5.1),(7.5),(0.17),(4.7),(170),(0.41),(8.3),(25),0,(45.7),,,,
17,17127,2398,＜調味料類＞　（その他）　ふりかけ　たまご,0,1791,428,(2.5),(20.9),(23.4),(19.7),(420),(21.9),(31.1),,(29.3),(39.2),*,(5.1),-,(39.7),-,(12.3),(3600),(490),(390),(120),(490),(4.5),(2.9),(0.47),(0.71),,(86),(15),(2),(29),(100),(540),(2300),(130),(3100),(360),(2.2),(2.5),(0.1),(5.1),(0.1),(220),(0.29),(0.48),(4.1),(8.7),(0.31),(6.2),(170),(0.47),(6.0),(11),0,(9.2),,,,
17,17054,2399,＜調味料類＞　（その他）　みりん風調味料,0,958,225,43.6,-,0.1,-,(0),0,39.9,,39.2,55.6,*,(0),0,55.7,0.1,0.2,68,3,Tr,1,15,0.1,Tr,Tr,0,,-,-,-,-,(0),-,-,-,(0),(0),(0),-,-,-,-,(0),Tr,0.02,0,Tr,0,0,0,0,-,0,0.3,0.2,"アルコール： 0.5容量%
(100 g： 78.8 mL、100 mL： 126.9 g)",,,
17,17138,2400,＜調味料類＞　（その他）　料理酒,0,368,88,82.4,0.2,0.2,-,0,Tr,3.6,*,3.5,4.7,,0,0,4.7,-,2.1,870,6,2,2,4,Tr,Tr,Tr,0.04,,Tr,0,2,2,0,0,0,-,0,0,0,0,0,0,0,0,Tr,0,Tr,Tr,0.01,0,0,0,Tr,0,10.6,2.2,"アルコール： 13.6 容量%
(100 g： 98.4 mL、100 mL： 101.6 g)",,,
17,17055,2401,＜香辛料類＞　オールスパイス　粉,0,1543,364,9.2,-,5.6,(3.7),(0),5.6,-,,-,77.1,*,-,-,75.2,-,4.4,53,1300,710,130,110,4.7,1.2,0.53,0.72,,-,-,-,-,0,6,31,0,34,3,(0),-,-,-,-,-,0,0.05,2.9,3.8,-,(0),(0),-,-,0,-,0.1,,,,
17,17056,2402,＜香辛料類＞　オニオンパウダー,0,1541,363,5.0,(5.8),8.8,(0.8),(0),1.1,-,,-,83.0,*,-,-,79.8,-,5.3,52,1300,140,160,290,3.1,3.2,0.55,1.90,,-,-,-,-,(0),-,-,-,Tr,(0),(0),-,-,-,-,-,0.30,0.10,0.6,(1.4),-,(0),-,-,-,10,-,0.1,食塩添加品あり,,,
17,17057,2403,＜香辛料類＞　からし　粉,0,1831,435,4.9,-,33.0,(14.2),(0),14.3,-,,-,43.8,*,-,-,43.7,-,4.1,34,890,250,380,1000,11.0,6.6,0.60,1.76,,0,290,3,79,(0),-,-,-,38,3,(0),-,-,-,-,-,0.73,0.26,8.5,14.0,-,(0),(0),-,160.0,0,-,0.1,"和がらし及び洋がらしを含む
(100 g：250mL、100 mL：40g)",,,
17,17058,2404,＜香辛料類＞　からし　練り,0,1316,314,31.7,-,5.9,(14.4),(0),14.5,-,,-,40.2,*,-,-,40.1,-,7.8,2900,190,60,83,120,2.1,1.0,0.15,0.36,,-,-,-,-,(0),-,-,-,16,1,(0),-,-,-,-,-,0.22,0.07,1.5,2.5,-,(0),(0),-,-,0,-,7.4,和風及び洋風を含む,,,
17,17059,2405,＜香辛料類＞　からし　練りマスタード,0,729,175,65.7,(4.3),4.8,(10.5),(Tr),10.6,(9.2),,(8.9),15.6,*,-,-,13.1,-,3.8,1200,170,71,60,140,1.8,0.8,0.10,0.41,,0,70,4,15,0,0,54,0,54,4,(Tr),1.2,0,4.9,0.5,6,0.14,0.04,1.1,(1.3),0.10,0,14,0.27,25.0,Tr,-,3.0,別名： フレンチマスタード,,,
17,17060,2406,＜香辛料類＞　からし　粒入りマスタード,0,955,229,57.2,(6.9),7.6,(15.9),(Tr),16.0,(5.1),,(5.1),14.7,*,-,-,12.7,-,5.3,1600,190,130,110,260,2.4,1.4,0.16,0.62,,1,87,3,17,(0),0,32,2,32,3,(Tr),1.0,0,4.5,0.4,5,0.32,0.05,1.8,(3.0),0.14,0.1,16,0.28,23.0,Tr,-,4.1,別名： あらびきマスタード,,,
17,17061,2407,＜香辛料類＞　カレー粉,0,1405,338,5.7,(10.2),13.0,11.6,8,12.2,-,,-,29.8,*,36.9,-,63.3,-,5.8,40,1700,540,220,400,29.0,2.9,0.80,4.84,,5,18,21,42,0,20,380,0,390,32,(0),4.4,0.6,2.6,0.1,86,0.41,0.25,7.0,(8.7),0.59,0.1,60,2.06,28.0,2,-,0.1,,,,
17,17062,2408,＜香辛料類＞　クローブ　粉,0,1679,398,7.5,(5.1),7.2,(9.8),(0),13.6,-,,-,72.2,*,-,-,66.4,-,5.3,280,1400,640,250,95,9.9,1.1,0.39,93.00,,-,-,-,-,(0),0,120,3,120,10,(0),-,-,-,-,-,0.04,0.27,0.9,(1.5),-,(0),(0),-,-,(0),-,0.7,別名： ちょうじ,,,
17,17063,2409,＜香辛料類＞　こしょう　黒　粉,0,1532,362,12.7,(8.9),11.0,(5.5),(0),6.0,(42.3),,(38.5),69.2,*,-,-,66.6,-,3.7,65,1300,410,150,160,20.0,1.1,1.20,6.34,,5,5,30,14,(0),18,170,4,180,15,(0),-,-,-,-,-,0.10,0.24,1.2,(2.2),-,(0),(0),-,20.0,(0),-,0.2,別名： ブラックペッパー,,,
17,17064,2410,＜香辛料類＞　こしょう　白　粉,0,1590,376,12.3,(7.0),10.1,(5.9),(0),6.4,(42.5),,(38.7),73.7,*,-,-,70.1,-,1.1,4,60,240,80,140,7.3,0.9,1.00,4.45,,2,2,5,24,(0),-,-,-,Tr,(0),(0),-,-,-,-,-,0.02,0.12,0.2,(1.2),-,(0),(0),-,4.7,(0),-,0,別名： ホワイトペッパー,,,
17,17065,2411,＜香辛料類＞　こしょう　混合　粉,0,1561,369,12.5,(7.4),10.6,(5.7),(0),6.2,(42.4),,(38.6),72.0,*,-,-,68.3,-,2.4,35,680,330,120,150,14.0,1.0,1.10,-,,3,2,12,17,(0),9,84,2,89,7,(0),-,-,-,-,-,0.06,0.18,0.7,(1.8),-,0,0,-,15.0,1,-,0.1,,,,
17,17066,2412,＜香辛料類＞　さんしょう　粉,0,1588,375,8.3,-,10.3,-,(0),6.2,-,,-,69.6,*,-,-,69.6,-,5.6,10,1700,750,100,210,10.0,0.9,0.33,-,,32,6,21,19,(0),-,-,-,200,17,(0),-,-,-,-,-,0.10,0.45,2.8,(4.5),-,-,-,-,27.0,0,-,0,,,,
17,17067,2413,＜香辛料類＞　シナモン　粉,0,1512,356,9.4,(2.7),3.6,(1.9),(0),3.5,-,,-,82.1,*,-,-,79.6,-,3.9,23,550,1200,87,50,7.1,0.9,0.49,41.00,,6,3,14,3,(0),-,-,-,6,1,(0),-,-,-,-,-,0.08,0.14,1.3,(2.0),-,(0),(0),-,1.4,Tr,-,0.1,別名： にっけい、にっき,,,
17,17068,2414,＜香辛料類＞　しょうが　粉,0,1546,365,10.6,(5.3),7.8,-,(0),4.9,(59.2),,(55.6),75.0,*,-,-,72.5,-,4.2,31,1400,110,300,150,14.0,1.7,0.57,28.00,,1,3,6,11,(0),-,-,-,16,1,(0),-,-,-,-,-,0.04,0.17,4.2,(6.4),1.03,(0),(0),1.29,9.6,0,-,0.1,別名： ジンジャー,,,
17,17069,2415,＜香辛料類＞　しょうが　おろし,0,176,41,88.2,(0.3),0.7,(0.4),(0),0.6,(5.1),,(4.7),9.0,*,-,-,8.6,0.2,1.9,580,140,16,17,14,0.3,0.1,0.04,3.58,,0,1,1,1,(0),2,6,0,7,1,(0),-,-,-,-,-,0.02,0.03,0.8,(0.9),-,-,-,-,0.3,120,-,1.5,"試料： チューブ入り
ビタミンC： 添加品を含む",,,
17,17070,2416,＜香辛料類＞　セージ　粉,0,1593,377,9.2,-,6.4,(8.8),(0),10.1,-,,-,68.2,*,-,-,66.9,-,7.4,120,1600,1500,270,100,50.0,3.3,0.53,2.85,,-,-,-,-,(0),0,1400,0,1400,120,(0),-,-,-,-,-,0.09,0.55,2.7,3.8,-,(0),-,-,-,(0),-,0.3,,,,
17,17071,2417,＜香辛料類＞　タイム　粉,0,1450,342,9.8,-,6.5,(3.2),(0),5.2,-,,-,71.8,*,-,-,69.8,-,8.7,13,980,1700,300,85,110.0,2.0,0.57,6.67,,-,-,-,-,(0),0,980,0,980,82,(0),-,-,-,-,-,0.09,0.69,3.4,4.5,-,0,0,-,-,0,-,0,,,,
17,17072,2418,＜香辛料類＞　チリパウダー,0,1580,374,3.8,(9.2),15.0,(8.2),(0),8.2,-,,-,65.9,*,-,-,60.1,-,12.9,2500,3000,280,210,260,29.0,2.2,1.00,1.62,,-,-,-,-,(0),300,7600,3100,9300,770,(0),-,-,-,-,-,0.25,0.84,7.2,(8.5),-,(0),(0),-,-,(0),-,6.4,,,,
17,17073,2419,＜香辛料類＞　とうがらし　粉,0,1742,412,1.7,(9.9),16.2,(8.3),(0),9.7,-,,-,74.5,*,-,-,66.8,-,5.6,4,2700,110,170,340,12.0,2.0,1.20,-,,3,5,17,41,(0),140,7200,2600,8600,720,(0),-,-,-,-,-,0.43,1.15,11.0,(13.0),-,-,-,-,49.0,Tr,-,0,別名： 一味唐辛子,,,
17,17074,2420,＜香辛料類＞　ナツメグ　粉,0,2172,520,6.3,-,5.7,(30.6),(0),38.5,-,,-,55.4,*,-,-,47.5,-,2.0,15,430,160,180,210,2.5,1.3,1.20,2.68,,-,-,-,-,(0),-,-,-,12,1,(0),-,-,-,-,-,0.05,0.10,0.5,1.5,-,(0),(0),-,-,(0),-,0,別名： にくずく,,,
17,17075,2421,＜香辛料類＞　にんにく　ガーリックパウダー　食塩無添加,0,1614,380,3.5,(17.2),19.9,0.4,2,0.8,20.2,,18.4,77.0,*,-,-,73.8,-,2.0,18,390,100,90,300,6.6,2.5,0.57,1.17,,1,10,2,7,(0),0,0,0,0,(0),(0),0.4,0.1,Tr,0,1,0.54,0.15,1.0,(3.4),2.32,0,30,1.33,3.5,(0),-,0,,,,
17,17128,2422,＜香辛料類＞　にんにく　ガーリックパウダー　食塩添加,0,1623,382,3.5,(17.2),19.9,-,2,0.8,(18.5),,(16.8),76.5,*,-,-,73.8,-,2.0,3300,390,100,90,300,6.6,2.5,0.57,1.17,,1,10,2,7,(0),0,0,0,0,(0),(0),0.4,0.1,Tr,0,1,0.54,0.15,1.0,(3.4),2.32,0,30,1.33,3.5,(0),-,8.4,,,,
17,17076,2423,＜香辛料類＞　にんにく　おろし,0,722,170,52.1,(2.9),4.7,(0.3),(Tr),0.5,(1.3),,(1.2),39.0,*,-,-,37.0,-,5.7,1800,440,22,22,100,0.7,0.5,0.09,0.16,,3,4,1,6,(0),-,-,-,3,Tr,(0),-,-,-,-,-,0.11,0.04,0.2,(1.0),-,-,-,-,1.0,0,-,4.6,試料： チューブ入り,,,
17,17077,2424,＜香辛料類＞　バジル　粉,0,1300,307,10.9,(17.3),21.1,(2.2),(0),2.2,-,,-,54.4,*,-,-,50.6,-,15.2,59,3100,2800,760,330,120.0,3.9,1.99,10.00,,42,18,47,200,(0),0,2400,61,2500,210,(0),4.7,0.2,0.7,0,820,0.26,1.09,7.9,(12.0),1.75,0,290,2.39,62.0,1,-,0.1,別名： めぼうき、 バジリコ,,,
17,17078,2425,＜香辛料類＞　パセリ　乾,0,1447,341,5.0,(27.7),28.7,(2.2),(0),2.2,(5.5),,(5.4),52.6,*,-,-,51.6,-,12.5,880,3600,1300,380,460,18.0,3.6,0.97,6.63,,22,7,38,110,(0),0,28000,0,28000,2300,(0),7.2,0,1.6,0,1300,0.89,2.02,12.0,(20.0),1.47,0,1400,1.68,24.0,820,-,2.2,,,,
17,17079,2426,＜香辛料類＞　パプリカ　粉,0,1624,385,10.0,(14.6),15.5,(10.9),(0),11.6,-,,-,57.2,*,-,-,55.6,-,7.3,60,2700,170,220,320,21.0,10.0,1.08,1.00,,17,10,33,13,(0),0,5000,2100,6100,500,(0),-,-,-,-,(0),0.52,1.78,13.0,(14.0),-,(0),(0),-,39.0,(0),-,0.2,,,,
17,17080,2427,＜香辛料類＞　わさび　粉　からし粉入り,0,1628,384,4.9,(9.4),16.5,-,(0),4.4,-,,-,76.8,*,-,-,69.7,-,4.5,30,1200,320,210,340,9.3,4.4,0.45,1.11,,3,4,8,4,(0),0,20,0,20,2,(0),-,-,-,-,-,0.55,0.30,2.5,(5.0),-,-,-,-,24.0,(0),-,0.1,試料： ホースラディシュ製品,,,
17,17081,2428,＜香辛料類＞　わさび　練り,0,1114,265,39.8,(1.9),3.3,-,(0),10.3,-,,-,41.2,*,-,-,39.8,-,6.8,2400,280,62,39,85,2.0,0.8,0.11,0.23,,-,-,-,-,(0),-,-,-,15,1,(0),-,-,-,-,-,0.11,0.07,0.7,(1.2),-,-,-,-,-,0,-,6.1,試料： わさび及びホースラディシュ混合製品、 チューブ入り,,,
17,17082,2429,＜その他＞　酵母　パン酵母　圧搾,0,441,105,68.1,13.1,16.5,1.1,0,1.5,(2.6),,(2.5),5.6,*,10.3,0,12.1,-,1.8,39,620,16,37,360,2.2,7.8,0.36,0.19,,Tr,2,1,Tr,0,0,4,0,4,Tr,1.6,Tr,0,0,0,0,2.21,1.78,23.0,27.0,0.59,0,1900,2.29,99.0,0,-,0.1,別名： イースト,,,
17,17083,2430,＜その他＞　酵母　パン酵母　乾燥,0,1281,307,8.7,30.2,37.1,4.7,0,6.8,1.5,,1.4,19.5,*,32.6,0,43.1,-,4.3,120,1600,19,91,840,13.0,3.4,0.20,0.40,,1,2,2,1,0,0,0,0,0,0,2.8,Tr,0,0,0,0,8.81,3.72,22.0,(28.0),1.28,0,3800,5.73,310.0,1,-,0.3,別名： ドライイースト,,,
17,17084,2431,＜その他＞　ベーキングパウダー,0,639,150,4.5,-,Tr,(0.6),(0),1.2,(38.5),*,(35.0),53.1,,-,-,29.0,-,41.8,6800,3900,2400,1,3700,0.1,Tr,0.01,-,,-,-,-,-,0,-,-,-,0,0,0,-,-,-,-,0,0,0,0,0,(0),(0),(0),(0),-,0,-,17.3,"加熱により発生する二酸化炭素等： 23.5 g
(100 g：133mL、100 mL：75g)",,,
